{
 "templeR0013": [
  [
   0.9999999980543973,
   -6.182395929771514e-05,
   -8.306828917563354e-06,
   1.0917459228163009e-06
  ],
  [
   6.182375409002375e-05,
   0.9999999977838302,
   -2.4701479556928682e-05,
   -1.98986707400539e-06
  ],
  [
   8.308356042411475e-06,
   2.4700965949524266e-05,
   0.9999999996604167,
   -1.1492921164965096e-05
  ]
 ],
 "templeR0042": [
  [
   -0.9998470379553998,
   -0.009192063490403317,
   0.014879739937300842,
   0.018591536620691716
  ],
  [
   0.010130383247319569,
   -0.9978814593945274,
   0.06426482966530396,
   -0.9990698769789225
  ],
  [
   0.014257490209561371,
   0.06440573705374779,
   0.9978219405322211,
   0.0390304634105106
  ]
 ],
 "templeR0044": [
  [
   -0.9991478394422486,
   -0.04042209785866353,
   0.008345594202402896,
   0.09286156486325234
  ],
  [
   0.040672234676614,
   -0.9298103170398806,
   0.36578483245291504,
   -4.520637363385383
  ],
  [
   -0.007025970701404154,
   0.36581255901199095,
   0.9306620264117376,
   0.7137085921325483
  ]
 ],
 "templeR0032": [
  [
   -0.9846087680445669,
   0.06666050053308757,
   0.1615609840228718,
   -1.6164307850656638
  ],
  [
   0.08058719269312047,
   -0.6471098882597788,
   0.7581256471655993,
   -9.073945833608276
  ],
  [
   0.15508474542521025,
   0.759476905629852,
   0.6317780872674388,
   4.0283419898421124
  ]
 ],
 "templeR0034": [
  [
   -0.9825520348324254,
   0.06378316668520376,
   0.17470891933232172,
   -1.7693535014067845
  ],
  [
   0.11242098044640722,
   -0.544653587358616,
   0.8310920484115216,
   -9.963193883768696
  ],
  [
   0.14816552231247562,
   0.8362321313038612,
   0.5279799244032616,
   5.167143349486089
  ]
 ],
 "templeR0036": [
  [
   -0.9840922105858443,
   0.018272191407924257,
   0.17671629264280794,
   -1.8161414076553537
  ],
  [
   0.15837353557793005,
   -0.36048983344942165,
   0.919219725206196,
   -11.006197975086096
  ],
  [
   0.08050058566751225,
   0.9325841554523433,
   0.3518614055369347,
   7.369880859011443
  ]
 ],
 "templeR0038": [
  [
   -0.9809971801967491,
   -0.005792287317301692,
   0.19393550952226601,
   -2.0321670150605766
  ],
  [
   0.19344417544401404,
   -0.10628362797787172,
   0.9753374500195545,
   -11.635250334401821
  ],
  [
   0.014962734803925917,
   0.9943189829383202,
   0.10538442359140299,
   10.27269276375066
  ]
 ],
 "templeR0015": [
  [
   0.9991063465079356,
   -0.04148237898404505,
   -0.008106824371408769,
   0.08781290385711203
  ],
  [
   0.0419758244547618,
   0.9513208758333698,
   0.3053303479265912,
   -3.5868480540078385
  ],
  [
   -0.004953637946785292,
   -0.30539777903163323,
   0.9522119816688077,
   0.5016801102200145
  ]
 ],
 "templeR0017": [
  [
   0.9965879213543,
   -0.08010598224177787,
   -0.01988835387344918,
   0.22417242706803003
  ],
  [
   0.07769842678265113,
   0.8292144121805528,
   0.5535037606986615,
   -6.518660278071691
  ],
  [
   -0.027847252758873266,
   -0.5531604561437307,
   0.83260917618811,
   1.857066565942526
  ]
 ],
 "templeR0019": [
  [
   0.9880820070001828,
   -0.15361376357046225,
   -0.009836619551911112,
   0.12716605895369687
  ],
  [
   0.1079237962709783,
   0.6457922703008,
   0.7558470730367347,
   -8.91971411701721
  ],
  [
   -0.10975610070037697,
   -0.747900498235866,
   0.6546743030680158,
   3.863630591582246
  ]
 ],
 "templeR0021": [
  [
   0.9870198837508043,
   -0.14901984195160267,
   -0.059873498187994326,
   0.7003196143745196
  ],
  [
   0.12336407923877013,
   0.46482150221133656,
   0.8767680850918141,
   -10.391952137675991
  ],
  [
   -0.10282535209820019,
   -0.872773772398504,
   0.47717176066817424,
   5.990158118893295
  ]
 ]
}