{
 "templeR0013": [
  [
   1.0,
   0.0,
   0.0,
   0.0
  ],
  [
   0.0,
   1.0,
   0.0,
   0.0
  ],
  [
   0.0,
   0.0,
   1.0,
   0.0
  ]
 ],
 "templeR0042": [
  [
   -0.9998474314100422,
   -0.009195563812719626,
   0.01485111136941366,
   0.018584824011894614
  ],
  [
   0.01013205420969574,
   -0.9978813441815273,
   0.06426635520985743,
   -0.9990612396661518
  ],
  [
   0.01422868160555755,
   0.06440702244813049,
   0.9978222687829398,
   0.03913110927611027
  ]
 ],
 "templeR0044": [
  [
   -0.9991512808402986,
   -0.040332113195543556,
   0.008368909150702706,
   0.0928771654850292
  ],
  [
   0.040596869384991574,
   -0.9298055419994854,
   0.36580534203751214,
   -4.520658314201136
  ],
  [
   -0.006972244353777883,
   0.3658346275466897,
   0.9306537557526142,
   0.7136606478618582
  ]
 ],
 "templeR0032": [
  [
   -0.9846069616541315,
   0.06634785394252928,
   0.16170062875400446,
   -1.6164497625698235
  ],
  [
   0.08089093881765326,
   -0.6471296020891477,
   0.7580764698347655,
   -9.07376230896033
  ],
  [
   0.1549380104410091,
   0.7594874853328146,
   0.6318013711154953,
   4.02848862796461
  ]
 ],
 "templeR0034": [
  [
   -0.982527379196841,
   0.0639392455355616,
   0.17479050892119452,
   -1.7693719685157556
  ],
  [
   0.11244121251482411,
   -0.5444586649767079,
   0.8312170209157034,
   -9.96363279589904
  ],
  [
   0.14831359633150015,
   0.8363471378632942,
   0.5277561388852741,
   5.166832688740949
  ]
 ],
 "templeR0036": [
  [
   -0.984128155229416,
   0.01835300088476012,
   0.17650762432051081,
   -1.8161354834948122
  ],
  [
   0.1581142088816544,
   -0.3609059035281419,
   0.9191010965874558,
   -11.00593246468733
  ],
  [
   0.08057090687385332,
   0.9324216300349639,
   0.3522757908350572,
   7.370063228762243
  ]
 ],
 "templeR0038": [
  [
   -0.9809532145700819,
   -0.0058977801310373945,
   0.1941545956554953,
   -2.0320977374549916
  ],
  [
   0.19367718271839807,
   -0.10601135945292794,
   0.9753208398066795,
   -11.635060029984079
  ],
  [
   0.014830364759074052,
   0.9943474281439402,
   0.10513444927636584,
   10.272649146251506
  ]
 ],
 "templeR0015": [
  [
   0.9991055761473187,
   -0.04150551766100488,
   -0.008083298523898606,
   0.08781575476850258
  ],
  [
   0.041990677852780184,
   0.9513205776799414,
   0.30532923452589117,
   -3.5868459517662674
  ],
  [
   -0.004983039714720829,
   -0.30539556395991513,
   0.952212538684934,
   0.5016869179796318
  ]
 ],
 "templeR0017": [
  [
   0.9966001888863204,
   -0.07993378026371693,
   -0.019966328768761116,
   0.22416428487843074
  ],
  [
   0.07759735879947226,
   0.8292059896130107,
   0.5535305562453202,
   -6.518682575158368
  ],
  [
   -0.027689590446527135,
   -0.5531979912858139,
   0.8325894961013165,
   1.8570342131139455
  ]
 ],
 "templeR0019": [
  [
   0.9880616154866741,
   -0.1537468408802172,
   -0.009805759594080705,
   0.1271688742408788
  ],
  [
   0.10798918975958706,
   0.6457915051028831,
   0.7558383867150575,
   -8.919710841130698
  ],
  [
   -0.10987528792650164,
   -0.7478738134580634,
   0.6546847945742762,
   3.863635554351664
  ]
 ],
 "templeR0021": [
  [
   0.9870280155347251,
   -0.1489655328999214,
   -0.05987459024849043,
   0.7003202521165254
  ],
  [
   0.1233406858136867,
   0.4648385866499153,
   0.8767623187525332,
   -10.391933885472255
  ],
  [
   -0.10277534613219075,
   -0.8727739445979993,
   0.4771822187155099,
   5.990166700229956
  ]
 ]
}