{
 "templeR0032": [
  [
   1.0,
   0.0,
   0.0,
   0.0
  ],
  [
   0.0,
   1.0,
   0.0,
   0.0
  ],
  [
   0.0,
   0.0,
   1.0,
   0.0
  ]
 ],
 "templeR0047": [
  [
   0.999920926055687,
   -0.003938923868437855,
   -0.011942634328151375,
   0.23278936594993455
  ],
  [
   0.0033627388936077088,
   0.9988470485897069,
   -0.04788805185811195,
   0.97119776918841
  ],
  [
   0.012117492441536884,
   0.04784410520001873,
   0.9987813113863008,
   0.050833101657121814
  ]
 ],
 "templeR0033": [
  [
   0.9998747325580181,
   0.00966365245320681,
   -0.01253527077072653,
   0.24657723368276302
  ],
  [
   -0.008566563413771731,
   0.9963611233261463,
   0.08480050657594851,
   -1.7230496900185035
  ],
  [
   0.013309139089724342,
   -0.08468249964144475,
   0.9963190960084861,
   0.06393897456790197
  ]
 ],
 "templeR0034": [
  [
   0.9997421407441152,
   0.02029225187630693,
   0.0101919838187891,
   -0.18937729895307076
  ],
  [
   -0.02200269183298501,
   0.9766312489673667,
   0.21379262169809332,
   -4.346541465940509
  ],
  [
   -0.005615476157605489,
   -0.21396174437088017,
   0.9768258997248658,
   0.3418070947330357
  ]
 ],
 "templeR0035": [
  [
   0.999309821793747,
   0.03691880807177559,
   0.004108731812728507,
   -0.07193737196717956
  ],
  [
   -0.0362103283768544,
   0.9434631739563009,
   0.32949362893255346,
   -6.7080970845294186
  ],
  [
   0.008288074890461723,
   -0.32941499813891634,
   0.944148858398795,
   0.9956307677876066
  ]
 ],
 "templeR0046": [
  [
   0.9998212306171971,
   -0.017384149741926758,
   -0.0074362722424567065,
   0.1440070688734514
  ],
  [
   0.01548265684989577,
   0.9784787401985646,
   -0.20576598921177025,
   4.142831039808124
  ],
  [
   0.010853301063825692,
   0.20561407130150466,
   0.978572970983175,
   0.5102747397564479
  ]
 ],
 "templeR0045": [
  [
   0.9992980390034414,
   -0.03459675607142359,
   -0.01436988911617005,
   0.270161480784578
  ],
  [
   0.02734524125638025,
   0.9358133826078132,
   -0.3514335651481699,
   7.069735607174963
  ],
  [
   0.025605995870244272,
   0.3507939244078453,
   0.9361025347546261,
   1.3829098169378882
  ]
 ],
 "templeR0036": [
  [
   0.9985791485428704,
   0.05241610398055031,
   0.009603964748790017,
   -0.18106325167834678
  ],
  [
   -0.05119406781513361,
   0.8935864986924795,
   0.44596225936177014,
   -9.082516089998341
  ],
  [
   0.01479363092467043,
   -0.44582027925837486,
   0.8950002385955264,
   1.9635202594564591
  ]
 ],
 "templeR0044": [
  [
   0.998823879936985,
   -0.04784347725985442,
   -0.007865020744609276,
   0.1368003578251451
  ],
  [
   0.03812656997466412,
   0.8752333972142597,
   -0.4821958783137334,
   9.70167277533279
  ],
  [
   0.02995365636436363,
   0.4813288918031739,
   0.8760281253395544,
   2.6152050259983395
  ]
 ],
 "templeR0037": [
  [
   0.9975263339640699,
   0.06830136035843186,
   0.01661737709117971,
   -0.3268953011416582
  ],
  [
   -0.06574193566897395,
   0.8228040795078773,
   0.5645099154485165,
   -11.490133460665795
  ],
  [
   0.024883949499613613,
   -0.5642059649794411,
   0.8252590006409614,
   3.3027279749302867
  ]
 ],
 "templeR0038": [
  [
   0.9962961455751913,
   0.08114339741712191,
   0.02845591972901615,
   -0.5619295517026491
  ],
  [
   -0.07937935258191016,
   0.7406723717754766,
   0.667160667359945,
   -13.58552523333116
  ],
  [
   0.03305916961591731,
   -0.6669484138552976,
   0.7443701394872102,
   4.933590785693872
  ]
 ],
 "templeR0043": [
  [
   0.9980422267440199,
   -0.0625295486763882,
   -0.001330104569357858,
   -0.0013661536874420446
  ],
  [
   0.049278691397836666,
   0.7992837845078953,
   -0.5989299144281016,
   12.048149688449522
  ],
  [
   0.03851394825196459,
   0.5976917996468277,
   0.800800342423117,
   4.154087927696221
  ]
 ],
 "templeR0039": [
  [
   0.9950180517221904,
   0.08984200751428849,
   0.043214470178158985,
   -0.8591787981290945
  ],
  [
   -0.09120536387369925,
   0.6452861206680273,
   0.7584770293646829,
   -15.45325098030985
  ],
  [
   0.0402574011536087,
   -0.7586397275116895,
   0.650265411576955,
   6.792299354776897
  ]
 ],
 "templeR0042": [
  [
   0.9970816339003901,
   -0.07585070355866742,
   0.008653675992537822,
   -0.2066965496055653
  ],
  [
   0.06004080239641578,
   0.7091034764050151,
   -0.7025434945951151,
   14.126696171363102
  ],
  [
   0.047152066615613164,
   0.7010127891272578,
   0.7115881899623542,
   5.975953053819893
  ]
 ],
 "templeR0013": [
  [
   -0.995622897680841,
   0.0932742521819924,
   -0.0059126553675661955,
   0.4893110777202032
  ],
  [
   -0.067255652390832,
   -0.6710948242397534,
   0.7383145766542185,
   -15.267362880198322
  ],
  [
   0.06489778759779949,
   0.7354805577025842,
   0.6744305942099645,
   6.698132307987314
  ]
 ],
 "templeR0014": [
  [
   -0.9941194982942834,
   0.10656785175919999,
   -0.019228002562706972,
   0.761515442347214
  ],
  [
   -0.07626038547955842,
   -0.5629027685525629,
   0.8229974646147878,
   -16.95979051159337
  ],
  [
   0.07688157593098262,
   0.8196241615077541,
   0.5677195233168219,
   8.86190292036153
  ]
 ],
 "templeR0015": [
  [
   -0.992090050129898,
   0.12073617068959763,
   -0.03435272216970398,
   1.0725005775330552
  ],
  [
   -0.08409735169478727,
   -0.43610418087985414,
   0.8959580229324557,
   -18.405946973891613
  ],
  [
   0.09319317502467545,
   0.8917600128433232,
   0.44280821087971756,
   11.401910611424432
  ]
 ],
 "templeR0016": [
  [
   -0.9908974834603468,
   0.12323627153612735,
   -0.05417562782124157,
   1.474375863954835
  ],
  [
   -0.08986202713200067,
   -0.30587826804244633,
   0.9478202895164679,
   -19.423309200875885
  ],
  [
   0.10023469135822871,
   0.9440610713916909,
   0.31416826722489577,
   14.051116083053032
  ]
 ],
 "templeR0017": [
  [
   -0.989490448405135,
   0.1271754739638058,
   -0.06881170930216854,
   1.7649487919170146
  ],
  [
   -0.09260623415438037,
   -0.19186941902665833,
   0.977041560752723,
   -20.00394574376064
  ],
  [
   0.1110528608850257,
   0.9731456853238647,
   0.20163019918850789,
   16.28816184054191
  ]
 ],
 "templeR0018": [
  [
   -0.9900608451458315,
   0.11378216878196146,
   -0.08266281495566831,
   2.0300717704414453
  ],
  [
   -0.09228818164584379,
   -0.0820964724181853,
   0.992342209494786,
   -20.31100467922405
  ],
  [
   0.10612452326218273,
   0.9901079674882751,
   0.09178125232644774,
   18.55948220564582
  ]
 ],
 "templeR0019": [
  [
   -0.9890759654837741,
   0.113036383088765,
   -0.09461242307725887,
   2.266478647611728
  ],
  [
   -0.09548384534170419,
   -0.0023080417105346696,
   0.9954283039085356,
   -20.4218845257201
  ],
  [
   0.11230124567920774,
   0.9935881687307233,
   0.013075977104057057,
   20.102188242678583
  ]
 ],
 "templeR0020": [
  [
   -0.988350785705155,
   0.10948060635896141,
   -0.10572001337153195,
   2.4873475986721814
  ],
  [
   -0.09842756429476578,
   0.07001245496578301,
   0.9926783319568653,
   -20.426455117006906
  ],
  [
   0.11608074337719632,
   0.9915201727554204,
   -0.05842095545315151,
   21.59247799448723
  ]
 ],
 "templeR0021": [
  [
   -0.9862579305002744,
   0.11522045589664312,
   -0.11840414295237132,
   2.7528447325117806
  ],
  [
   -0.0986417467435527,
   0.1642459634349689,
   0.9814749458313746,
   -20.22854127276731
  ],
  [
   0.1325333932437281,
   0.9796670403960156,
   -0.15062333696016295,
   23.439728044069838
  ]
 ],
 "templeR0022": [
  [
   -0.9798882906594105,
   0.14116062436651705,
   -0.14104118532199664,
   3.2392595224132217
  ],
  [
   -0.10068310018361383,
   0.2604920875608916,
   0.9602118441550206,
   -19.815099243485694
  ],
  [
   0.1722842162416369,
   0.9551008064317735,
   -0.24104065712526768,
   25.267887273373287
  ]
 ],